station,datetime,lon,lat,elev,precip
1S3,2011-01-18 17:17,-106.6239,46.2712,831.00,0.00
1S3,2011-01-18 17:37,-106.6239,46.2712,831.00,0.00
1S3,2011-01-18 17:57,-106.6239,46.2712,831.00,0.00
1S3,2011-01-19 01:17,-106.6239,46.2712,831.00,0.00
1S3,2011-01-19 01:37,-106.6239,46.2712,831.00,0.00
1S3,2011-01-19 01:57,-106.6239,46.2712,831.00,0.00
1S3,2011-01-19 02:17,-106.6239,46.2712,831.00,0.00
1S3,2011-01-19 02:37,-106.6239,46.2712,831.00,0.00
1S3,2011-01-19 02:57,-106.6239,46.2712,831.00,0.00
1S3,2011-01-19 03:17,-106.6239,46.2712,831.00,0.00
1S3,2011-01-19 03:37,-106.6239,46.2712,831.00,0.00
1S3,2011-01-19 03:57,-106.6239,46.2712,831.00,0.00
1S3,2011-01-19 04:17,-106.6239,46.2712,831.00,0.00
1S3,2011-01-19 04:36,-106.6239,46.2712,831.00,0.00
1S3,2011-01-19 04:57,-106.6239,46.2712,831.00,0.00
1S3,2011-01-19 05:17,-106.6239,46.2712,831.00,0.00
1S3,2011-01-19 05:37,-106.6239,46.2712,831.00,0.00
1S3,2011-01-19 05:57,-106.6239,46.2712,831.00,0.00
1S3,2011-01-19 06:17,-106.6239,46.2712,831.00,0.00
1S3,2011-01-19 06:37,-106.6239,46.2712,831.00,0.00
1S3,2011-01-19 06:57,-106.6239,46.2712,831.00,0.00
1S3,2011-01-19 07:17,-106.6239,46.2712,831.00,0.00
1S3,2011-01-19 07:37,-106.6239,46.2712,831.00,0.00
1S3,2011-01-19 07:57,-106.6239,46.2712,831.00,0.00
1S3,2011-01-19 08:17,-106.6239,46.2712,831.00,0.00
1S3,2011-01-19 08:37,-106.6239,46.2712,831.00,0.00
1S3,2011-01-19 08:57,-106.6239,46.2712,831.00,0.00
1S3,2011-01-19 09:17,-106.6239,46.2712,831.00,0.00
1S3,2011-01-19 09:37,-106.6239,46.2712,831.00,0.00
1S3,2011-01-19 09:57,-106.6239,46.2712,831.00,0.00
1S3,2011-01-19 10:17,-106.6239,46.2712,831.00,0.00
1S3,2011-01-19 10:37,-106.6239,46.2712,831.00,0.00
1S3,2011-01-19 10:57,-106.6239,46.2712,831.00,0.00
1S3,2011-01-19 11:17,-106.6239,46.2712,831.00,0.00
1S3,2011-01-19 11:37,-106.6239,46.2712,831.00,0.00
1S3,2011-01-19 11:57,-106.6239,46.2712,831.00,0.00
1S3,2011-01-19 12:17,-106.6239,46.2712,831.00,0.00
1S3,2011-01-19 12:37,-106.6239,46.2712,831.00,0.00
1S3,2011-01-19 12:57,-106.6239,46.2712,831.00,0.00
1S3,2011-01-19 13:16,-106.6239,46.2712,831.00,0.00
1S3,2011-01-19 13:37,-106.6239,46.2712,831.00,0.00
1S3,2011-01-19 13:57,-106.6239,46.2712,831.00,0.00
1S3,2011-01-19 14:17,-106.6239,46.2712,831.00,0.00
1S3,2011-01-19 14:37,-106.6239,46.2712,831.00,0.00
1S3,2011-01-19 14:57,-106.6239,46.2712,831.00,0.00
1S3,2011-01-19 15:17,-106.6239,46.2712,831.00,0.00
1S3,2011-01-19 15:37,-106.6239,46.2712,831.00,0.00
1S3,2011-01-19 15:57,-106.6239,46.2712,831.00,0.00
1S3,2011-01-19 16:17,-106.6239,46.2712,831.00,0.00
1S3,2011-01-19 16:37,-106.6239,46.2712,831.00,0.00
1S3,2011-01-19 16:57,-106.6239,46.2712,831.00,0.00
1S3,2011-01-19 17:17,-106.6239,46.2712,831.00,0.00
1S3,2011-01-19 17:37,-106.6239,46.2712,831.00,0.00
1S3,2011-01-19 17:57,-106.6239,46.2712,831.00,0.00
1S3,2011-01-19 18:17,-106.6239,46.2712,831.00,0.00
1S3,2011-01-19 18:37,-106.6239,46.2712,831.00,0.00
1S3,2011-01-19 18:57,-106.6239,46.2712,831.00,0.00
1S3,2011-01-19 19:17,-106.6239,46.2712,831.00,0.00
1S3,2011-01-19 19:37,-106.6239,46.2712,831.00,0.00
1S3,2011-01-19 19:57,-106.6239,46.2712,831.00,0.00
1S3,2011-01-19 20:17,-106.6239,46.2712,831.00,0.00
1S3,2011-01-19 20:37,-106.6239,46.2712,831.00,0.00
1S3,2011-01-19 20:57,-106.6239,46.2712,831.00,0.00
1S3,2011-01-19 21:17,-106.6239,46.2712,831.00,0.00
1S3,2011-01-19 21:37,-106.6239,46.2712,831.00,0.00
1S3,2011-01-19 21:57,-106.6239,46.2712,831.00,0.00
1S3,2011-01-19 22:17,-106.6239,46.2712,831.00,0.00
1S3,2011-01-19 22:37,-106.6239,46.2712,831.00,0.00
1S3,2011-01-19 22:57,-106.6239,46.2712,831.00,0.00
1S3,2011-01-19 23:17,-106.6239,46.2712,831.00,0.00
1S3,2011-01-19 23:37,-106.6239,46.2712,831.00,0.00
1S3,2011-01-19 23:57,-106.6239,46.2712,831.00,0.00
1S3,2011-01-20 00:17,-106.6239,46.2712,831.00,0.00
1S3,2011-01-20 00:37,-106.6239,46.2712,831.00,0.00
1S3,2011-01-20 00:57,-106.6239,46.2712,831.00,0.00
1S3,2011-01-20 01:17,-106.6239,46.2712,831.00,0.00
1S3,2011-01-20 01:37,-106.6239,46.2712,831.00,0.00
1S3,2011-01-20 01:57,-106.6239,46.2712,831.00,0.00
1S3,2011-01-20 02:17,-106.6239,46.2712,831.00,0.00
1S3,2011-01-20 02:37,-106.6239,46.2712,831.00,0.00
1S3,2011-01-20 02:57,-106.6239,46.2712,831.00,0.00
1S3,2011-01-20 03:17,-106.6239,46.2712,831.00,0.00
1S3,2011-01-20 03:37,-106.6239,46.2712,831.00,0.00
1S3,2011-01-20 03:57,-106.6239,46.2712,831.00,0.00
1S3,2011-01-20 04:17,-106.6239,46.2712,831.00,0.00
1S3,2011-01-20 04:37,-106.6239,46.2712,831.00,0.00
1S3,2011-01-20 04:57,-106.6239,46.2712,831.00,0.00
1S3,2011-01-20 05:17,-106.6239,46.2712,831.00,0.00
1S3,2011-01-20 05:37,-106.6239,46.2712,831.00,0.00
1S3,2011-01-20 05:57,-106.6239,46.2712,831.00,0.00
1S3,2011-01-20 06:17,-106.6239,46.2712,831.00,0.00
1S3,2011-01-20 06:37,-106.6239,46.2712,831.00,0.00
1S3,2011-01-20 06:57,-106.6239,46.2712,831.00,0.00
1S3,2011-01-20 07:17,-106.6239,46.2712,831.00,0.00
1S3,2011-01-20 07:37,-106.6239,46.2712,831.00,0.00
1S3,2011-01-20 07:57,-106.6239,46.2712,831.00,0.00
1S3,2011-01-20 08:17,-106.6239,46.2712,831.00,0.00
1S3,2011-01-20 08:37,-106.6239,46.2712,831.00,0.00
1S3,2011-01-20 08:57,-106.6239,46.2712,831.00,0.00
1S3,2011-01-20 09:17,-106.6239,46.2712,831.00,0.00
1S3,2011-01-20 09:37,-106.6239,46.2712,831.00,0.00
1S3,2011-01-20 09:57,-106.6239,46.2712,831.00,0.00
1S3,2011-01-20 10:17,-106.6239,46.2712,831.00,0.00
1S3,2011-01-20 10:37,-106.6239,46.2712,831.00,0.00
1S3,2011-01-20 10:57,-106.6239,46.2712,831.00,0.00
1S3,2011-01-20 11:17,-106.6239,46.2712,831.00,0.00
1S3,2011-01-20 11:37,-106.6239,46.2712,831.00,0.00
1S3,2011-01-20 11:57,-106.6239,46.2712,831.00,0.00
1S3,2011-01-20 12:17,-106.6239,46.2712,831.00,0.00
1S3,2011-01-20 12:37,-106.6239,46.2712,831.00,0.00
1S3,2011-01-20 12:57,-106.6239,46.2712,831.00,0.00
1S3,2011-01-20 13:17,-106.6239,46.2712,831.00,0.00
1S3,2011-01-20 13:37,-106.6239,46.2712,831.00,0.00
1S3,2011-01-20 13:57,-106.6239,46.2712,831.00,0.00
1S3,2011-01-20 14:17,-106.6239,46.2712,831.00,0.00
1S3,2011-01-20 14:37,-106.6239,46.2712,831.00,0.00
1S3,2011-01-20 14:57,-106.6239,46.2712,831.00,0.00
1S3,2011-01-20 15:17,-106.6239,46.2712,831.00,0.00
1S3,2011-01-20 15:37,-106.6239,46.2712,831.00,0.00
1S3,2011-01-20 15:57,-106.6239,46.2712,831.00,0.00
1S3,2011-01-20 16:17,-106.6239,46.2712,831.00,0.00
1S3,2011-01-20 16:37,-106.6239,46.2712,831.00,0.00
1S3,2011-01-20 16:57,-106.6239,46.2712,831.00,0.00
1S3,2011-01-20 17:17,-106.6239,46.2712,831.00,0.00
1S3,2011-01-20 17:37,-106.6239,46.2712,831.00,0.00
1S3,2011-01-20 17:57,-106.6239,46.2712,831.00,0.00
1S3,2011-01-20 18:17,-106.6239,46.2712,831.00,0.00
1S3,2011-01-20 18:37,-106.6239,46.2712,831.00,0.00
1S3,2011-01-20 18:57,-106.6239,46.2712,831.00,0.00
1S3,2011-01-20 19:17,-106.6239,46.2712,831.00,0.00
1S3,2011-01-20 19:37,-106.6239,46.2712,831.00,0.00
1S3,2011-01-20 19:57,-106.6239,46.2712,831.00,0.00
1S3,2011-01-20 20:17,-106.6239,46.2712,831.00,0.00
1S3,2011-01-20 20:37,-106.6239,46.2712,831.00,0.00
1S3,2011-01-20 20:57,-106.6239,46.2712,831.00,0.00
1S3,2011-01-20 21:17,-106.6239,46.2712,831.00,0.00
1S3,2011-01-20 22:37,-106.6239,46.2712,831.00,0.00
1S3,2011-01-20 22:57,-106.6239,46.2712,831.00,0.00
1S3,2011-01-20 23:17,-106.6239,46.2712,831.00,0.00
1S3,2011-01-20 23:37,-106.6239,46.2712,831.00,0.00
1S3,2011-01-20 23:57,-106.6239,46.2712,831.00,0.00
1S3,2011-01-21 00:17,-106.6239,46.2712,831.00,0.00
1S3,2011-01-21 00:37,-106.6239,46.2712,831.00,0.00
1S3,2011-01-21 00:57,-106.6239,46.2712,831.00,0.00
1S3,2011-01-21 01:17,-106.6239,46.2712,831.00,0.00
1S3,2011-01-21 01:37,-106.6239,46.2712,831.00,0.00
1S3,2011-01-21 01:57,-106.6239,46.2712,831.00,0.00
1S3,2011-01-21 02:17,-106.6239,46.2712,831.00,0.00
1S3,2011-01-21 02:37,-106.6239,46.2712,831.00,0.00
1S3,2011-01-21 02:57,-106.6239,46.2712,831.00,0.00
1S3,2011-01-21 03:17,-106.6239,46.2712,831.00,0.00
1S3,2011-01-21 03:37,-106.6239,46.2712,831.00,0.00
1S3,2011-01-21 03:57,-106.6239,46.2712,831.00,0.00
1S3,2011-01-21 04:17,-106.6239,46.2712,831.00,0.00
1S3,2011-01-21 04:37,-106.6239,46.2712,831.00,0.00
1S3,2011-01-21 04:57,-106.6239,46.2712,831.00,0.00
1S3,2011-01-21 05:17,-106.6239,46.2712,831.00,0.00
1S3,2011-01-21 05:37,-106.6239,46.2712,831.00,0.00
1S3,2011-01-21 05:57,-106.6239,46.2712,831.00,0.00
1S3,2011-01-21 06:18,-106.6239,46.2712,831.00,0.00
1S3,2011-01-21 06:37,-106.6239,46.2712,831.00,0.00
1S3,2011-01-21 06:57,-106.6239,46.2712,831.00,0.00
1S3,2011-01-21 07:17,-106.6239,46.2712,831.00,0.00
1S3,2011-01-21 07:37,-106.6239,46.2712,831.00,0.00
1S3,2011-01-21 07:57,-106.6239,46.2712,831.00,0.00
1S3,2011-01-21 08:17,-106.6239,46.2712,831.00,0.00
1S3,2011-01-21 08:37,-106.6239,46.2712,831.00,0.00
1S3,2011-01-21 08:57,-106.6239,46.2712,831.00,0.00
1S3,2011-01-21 09:17,-106.6239,46.2712,831.00,0.00
1S3,2011-01-21 09:37,-106.6239,46.2712,831.00,0.00
1S3,2011-01-21 09:57,-106.6239,46.2712,831.00,0.00
1S3,2011-01-21 10:17,-106.6239,46.2712,831.00,0.00
1S3,2011-01-21 10:37,-106.6239,46.2712,831.00,0.00
1S3,2011-01-21 10:57,-106.6239,46.2712,831.00,0.00
1S3,2011-01-21 11:17,-106.6239,46.2712,831.00,0.00
1S3,2011-01-21 11:37,-106.6239,46.2712,831.00,0.00
1S3,2011-01-21 11:57,-106.6239,46.2712,831.00,0.00
1S3,2011-01-21 12:17,-106.6239,46.2712,831.00,0.00
1S3,2011-01-21 12:38,-106.6239,46.2712,831.00,0.00
1S3,2011-01-21 12:57,-106.6239,46.2712,831.00,0.00
1S3,2011-01-21 13:17,-106.6239,46.2712,831.00,0.00
1S3,2011-01-21 13:37,-106.6239,46.2712,831.00,0.00
1S3,2011-01-21 13:57,-106.6239,46.2712,831.00,0.00
1S3,2011-01-21 14:18,-106.6239,46.2712,831.00,0.00
1S3,2011-01-21 14:37,-106.6239,46.2712,831.00,0.00
1S3,2011-01-21 14:57,-106.6239,46.2712,831.00,0.00
1S3,2011-01-21 15:17,-106.6239,46.2712,831.00,0.00
1S3,2011-01-21 15:37,-106.6239,46.2712,831.00,0.00
1S3,2011-01-21 15:57,-106.6239,46.2712,831.00,0.00
1S3,2011-01-21 16:18,-106.6239,46.2712,831.00,0.00
1S3,2011-01-21 16:37,-106.6239,46.2712,831.00,0.00
1S3,2011-01-21 16:57,-106.6239,46.2712,831.00,0.00
1S3,2011-01-21 17:17,-106.6239,46.2712,831.00,0.00
1S3,2011-01-21 17:37,-106.6239,46.2712,831.00,0.00
1S3,2011-01-21 17:57,-106.6239,46.2712,831.00,0.00
1S3,2011-01-21 18:17,-106.6239,46.2712,831.00,0.00
1S3,2011-01-21 18:37,-106.6239,46.2712,831.00,0.00
1S3,2011-01-21 18:57,-106.6239,46.2712,831.00,0.00
1S3,2011-01-21 19:17,-106.6239,46.2712,831.00,0.00
1S3,2011-01-21 19:37,-106.6239,46.2712,831.00,0.00
1S3,2011-01-21 19:57,-106.6239,46.2712,831.00,0.00
1S3,2011-01-21 20:17,-106.6239,46.2712,831.00,0.00
1S3,2011-01-21 20:37,-106.6239,46.2712,831.00,0.00
1S3,2011-01-21 20:57,-106.6239,46.2712,831.00,0.00
1S3,2011-01-21 21:18,-106.6239,46.2712,831.00,0.00
1S3,2011-01-21 21:38,-106.6239,46.2712,831.00,0.00
1S3,2011-01-21 21:58,-106.6239,46.2712,831.00,0.00
1S3,2011-01-21 22:17,-106.6239,46.2712,831.00,0.00
1S3,2011-01-21 22:37,-106.6239,46.2712,831.00,0.00
1S3,2011-01-21 22:57,-106.6239,46.2712,831.00,0.00
1S3,2011-01-21 23:18,-106.6239,46.2712,831.00,0.00
1S3,2011-01-21 23:37,-106.6239,46.2712,831.00,0.00
1S3,2011-01-21 23:57,-106.6239,46.2712,831.00,0.00
1S3,2011-01-22 00:17,-106.6239,46.2712,831.00,0.00
1S3,2011-01-22 00:37,-106.6239,46.2712,831.00,0.00
1S3,2011-01-22 00:57,-106.6239,46.2712,831.00,0.00
1S3,2011-01-22 01:17,-106.6239,46.2712,831.00,0.00
1S3,2011-01-22 01:37,-106.6239,46.2712,831.00,0.00
1S3,2011-01-22 01:57,-106.6239,46.2712,831.00,0.00
1S3,2011-01-22 02:17,-106.6239,46.2712,831.00,0.00
1S3,2011-01-22 02:37,-106.6239,46.2712,831.00,0.00
1S3,2011-01-22 02:57,-106.6239,46.2712,831.00,0.00
1S3,2011-01-22 03:17,-106.6239,46.2712,831.00,0.00
1S3,2011-01-22 03:38,-106.6239,46.2712,831.00,0.00
1S3,2011-01-22 03:57,-106.6239,46.2712,831.00,0.00
1S3,2011-01-22 04:18,-106.6239,46.2712,831.00,0.00
1S3,2011-01-22 04:38,-106.6239,46.2712,831.00,0.00
1S3,2011-01-22 04:58,-106.6239,46.2712,831.00,0.00
1S3,2011-01-22 05:18,-106.6239,46.2712,831.00,0.00
1S3,2011-01-22 05:38,-106.6239,46.2712,831.00,0.00
1S3,2011-01-22 05:57,-106.6239,46.2712,831.00,0.00
1S3,2011-01-22 06:18,-106.6239,46.2712,831.00,0.00
1S3,2011-01-22 06:37,-106.6239,46.2712,831.00,0.00
1S3,2011-01-22 06:57,-106.6239,46.2712,831.00,0.00
1S3,2011-01-22 07:17,-106.6239,46.2712,831.00,0.00
1S3,2011-01-22 07:37,-106.6239,46.2712,831.00,0.00
1S3,2011-01-22 07:57,-106.6239,46.2712,831.00,0.00
1S3,2011-01-22 08:17,-106.6239,46.2712,831.00,0.00
1S3,2011-01-22 08:37,-106.6239,46.2712,831.00,0.00
1S3,2011-01-22 08:57,-106.6239,46.2712,831.00,0.00
1S3,2011-01-22 09:17,-106.6239,46.2712,831.00,0.00
1S3,2011-01-22 09:38,-106.6239,46.2712,831.00,0.00
1S3,2011-01-22 09:58,-106.6239,46.2712,831.00,0.00
1S3,2011-01-22 10:18,-106.6239,46.2712,831.00,0.00
1S3,2011-01-22 10:38,-106.6239,46.2712,831.00,0.00
1S3,2011-01-22 10:54,-106.6239,46.2712,831.00,0.00
1S3,2011-01-22 11:17,-106.6239,46.2712,831.00,0.00
1S3,2011-01-22 11:37,-106.6239,46.2712,831.00,0.00
1S3,2011-01-22 11:57,-106.6239,46.2712,831.00,0.00
1S3,2011-01-22 12:17,-106.6239,46.2712,831.00,0.00
1S3,2011-01-22 12:38,-106.6239,46.2712,831.00,0.00
1S3,2011-01-22 12:58,-106.6239,46.2712,831.00,0.00
1S3,2011-01-22 13:18,-106.6239,46.2712,831.00,0.00
1S3,2011-01-22 13:38,-106.6239,46.2712,831.00,0.00
1S3,2011-01-22 13:57,-106.6239,46.2712,831.00,0.00
1S3,2011-01-22 14:17,-106.6239,46.2712,831.00,0.00
1S3,2011-01-22 14:37,-106.6239,46.2712,831.00,0.00
1S3,2011-01-22 14:57,-106.6239,46.2712,831.00,0.00
1S3,2011-01-22 15:17,-106.6239,46.2712,831.00,0.00
1S3,2011-01-22 15:37,-106.6239,46.2712,831.00,0.00
1S3,2011-01-22 15:57,-106.6239,46.2712,831.00,0.00
1S3,2011-01-22 16:17,-106.6239,46.2712,831.00,0.00
1S3,2011-01-22 16:37,-106.6239,46.2712,831.00,0.00
1S3,2011-01-22 16:58,-106.6239,46.2712,831.00,0.00
1S3,2011-01-22 17:18,-106.6239,46.2712,831.00,0.00
1S3,2011-01-22 17:38,-106.6239,46.2712,831.00,0.00
1S3,2011-01-22 17:57,-106.6239,46.2712,831.00,0.00
1S3,2011-01-22 18:18,-106.6239,46.2712,831.00,0.00
1S3,2011-01-22 18:37,-106.6239,46.2712,831.00,0.00
1S3,2011-01-22 18:57,-106.6239,46.2712,831.00,0.00
1S3,2011-01-22 19:17,-106.6239,46.2712,831.00,0.00
1S3,2011-01-22 19:37,-106.6239,46.2712,831.00,0.00
1S3,2011-01-22 19:57,-106.6239,46.2712,831.00,0.00
1S3,2011-01-22 20:17,-106.6239,46.2712,831.00,0.00
1S3,2011-01-22 20:37,-106.6239,46.2712,831.00,0.00
1S3,2011-01-22 20:57,-106.6239,46.2712,831.00,0.00
1S3,2011-01-22 21:18,-106.6239,46.2712,831.00,0.00
1S3,2011-01-22 21:38,-106.6239,46.2712,831.00,0.00
1S3,2011-01-22 21:57,-106.6239,46.2712,831.00,0.00
1S3,2011-01-22 22:17,-106.6239,46.2712,831.00,0.00
1S3,2011-01-22 22:37,-106.6239,46.2712,831.00,0.00
1S3,2011-01-22 22:57,-106.6239,46.2712,831.00,0.00
1S3,2011-01-22 23:17,-106.6239,46.2712,831.00,0.00
1S3,2011-01-22 23:37,-106.6239,46.2712,831.00,0.00
1S3,2011-01-22 23:57,-106.6239,46.2712,831.00,0.00
1S3,2011-01-23 00:18,-106.6239,46.2712,831.00,0.00
1S3,2011-01-23 00:38,-106.6239,46.2712,831.00,0.00
1S3,2011-01-23 00:58,-106.6239,46.2712,831.00,0.00
1S3,2011-01-23 01:17,-106.6239,46.2712,831.00,0.00
1S3,2011-01-23 01:37,-106.6239,46.2712,831.00,0.00
1S3,2011-01-23 01:57,-106.6239,46.2712,831.00,0.00
1S3,2011-01-23 02:17,-106.6239,46.2712,831.00,0.00
1S3,2011-01-23 02:37,-106.6239,46.2712,831.00,0.00
1S3,2011-01-23 02:57,-106.6239,46.2712,831.00,0.00
1S3,2011-01-23 03:17,-106.6239,46.2712,831.00,0.00
1S3,2011-01-23 03:37,-106.6239,46.2712,831.00,0.00
1S3,2011-01-23 03:57,-106.6239,46.2712,831.00,0.00
1S3,2011-01-23 04:18,-106.6239,46.2712,831.00,0.00
1S3,2011-01-23 04:38,-106.6239,46.2712,831.00,0.00
1S3,2011-01-23 04:57,-106.6239,46.2712,831.00,0.00
1S3,2011-01-23 05:17,-106.6239,46.2712,831.00,0.00
1S3,2011-01-23 05:37,-106.6239,46.2712,831.00,0.00
1S3,2011-01-23 05:57,-106.6239,46.2712,831.00,0.00
1S3,2011-01-23 06:17,-106.6239,46.2712,831.00,0.00
1S3,2011-01-23 06:37,-106.6239,46.2712,831.00,0.00
1S3,2011-01-23 06:57,-106.6239,46.2712,831.00,0.00
1S3,2011-01-23 07:17,-106.6239,46.2712,831.00,0.00
1S3,2011-01-23 07:37,-106.6239,46.2712,831.00,0.00
1S3,2011-01-23 07:58,-106.6239,46.2712,831.00,0.00
1S3,2011-01-23 08:18,-106.6239,46.2712,831.00,0.00
1S3,2011-01-23 08:37,-106.6239,46.2712,831.00,0.00
1S3,2011-01-23 08:58,-106.6239,46.2712,831.00,0.00
1S3,2011-01-23 09:17,-106.6239,46.2712,831.00,0.00
1S3,2011-01-23 09:37,-106.6239,46.2712,831.00,0.00
1S3,2011-01-23 09:57,-106.6239,46.2712,831.00,0.00
1S3,2011-01-23 10:17,-106.6239,46.2712,831.00,0.00
1S3,2011-01-23 10:36,-106.6239,46.2712,831.00,0.00
1S3,2011-01-23 10:58,-106.6239,46.2712,831.00,0.00
1S3,2011-01-23 11:18,-106.6239,46.2712,831.00,0.00
1S3,2011-01-23 11:37,-106.6239,46.2712,831.00,0.00
1S3,2011-01-23 11:57,-106.6239,46.2712,831.00,0.00
1S3,2011-01-23 12:17,-106.6239,46.2712,831.00,0.00
1S3,2011-01-23 12:37,-106.6239,46.2712,831.00,0.00
1S3,2011-01-23 12:57,-106.6239,46.2712,831.00,0.00
1S3,2011-01-23 13:17,-106.6239,46.2712,831.00,0.00
1S3,2011-01-23 13:38,-106.6239,46.2712,831.00,0.00
1S3,2011-01-23 13:58,-106.6239,46.2712,831.00,0.00
1S3,2011-01-23 14:18,-106.6239,46.2712,831.00,0.00
1S3,2011-01-23 14:38,-106.6239,46.2712,831.00,0.00
1S3,2011-01-23 14:57,-106.6239,46.2712,831.00,0.00
1S3,2011-01-23 15:18,-106.6239,46.2712,831.00,0.00
1S3,2011-01-23 15:37,-106.6239,46.2712,831.00,0.00
1S3,2011-01-23 15:57,-106.6239,46.2712,831.00,0.00
1S3,2011-01-23 16:17,-106.6239,46.2712,831.00,0.00
1S3,2011-01-23 16:38,-106.6239,46.2712,831.00,0.00
1S3,2011-01-23 16:58,-106.6239,46.2712,831.00,0.00
1S3,2011-01-23 17:18,-106.6239,46.2712,831.00,0.00
1S3,2011-01-23 17:37,-106.6239,46.2712,831.00,0.00
1S3,2011-01-23 17:57,-106.6239,46.2712,831.00,0.00
1S3,2011-01-23 18:17,-106.6239,46.2712,831.00,0.00
1S3,2011-01-23 18:37,-106.6239,46.2712,831.00,0.00
1S3,2011-01-23 18:57,-106.6239,46.2712,831.00,0.00
1S3,2011-01-23 19:17,-106.6239,46.2712,831.00,0.00
1S3,2011-01-23 19:38,-106.6239,46.2712,831.00,0.00
1S3,2011-01-23 19:58,-106.6239,46.2712,831.00,0.00
1S3,2011-01-23 20:17,-106.6239,46.2712,831.00,0.00
1S3,2011-01-23 20:37,-106.6239,46.2712,831.00,0.00
1S3,2011-01-23 20:57,-106.6239,46.2712,831.00,0.00
1S3,2011-01-23 21:17,-106.6239,46.2712,831.00,0.00
1S3,2011-01-23 21:38,-106.6239,46.2712,831.00,0.00
1S3,2011-01-23 21:58,-106.6239,46.2712,831.00,0.00
1S3,2011-01-23 22:18,-106.6239,46.2712,831.00,0.00
1S3,2011-01-23 22:38,-106.6239,46.2712,831.00,0.00
1S3,2011-01-23 22:57,-106.6239,46.2712,831.00,0.00
1S3,2011-01-23 23:17,-106.6239,46.2712,831.00,0.00
1S3,2011-01-23 23:36,-106.6239,46.2712,831.00,0.00
1S3,2011-01-23 23:57,-106.6239,46.2712,831.00,0.00
1S3,2011-01-24 00:17,-106.6239,46.2712,831.00,0.00
1S3,2011-01-24 00:38,-106.6239,46.2712,831.00,0.00
1S3,2011-01-24 00:58,-106.6239,46.2712,831.00,0.00
1S3,2011-01-24 01:17,-106.6239,46.2712,831.00,0.00
1S3,2011-01-24 01:37,-106.6239,46.2712,831.00,0.00
1S3,2011-01-24 01:57,-106.6239,46.2712,831.00,0.00
1S3,2011-01-24 02:18,-106.6239,46.2712,831.00,0.00
1S3,2011-01-24 02:38,-106.6239,46.2712,831.00,0.00
1S3,2011-01-24 02:58,-106.6239,46.2712,831.00,0.00
1S3,2011-01-24 03:18,-106.6239,46.2712,831.00,0.00
1S3,2011-01-24 03:37,-106.6239,46.2712,831.00,0.00
1S3,2011-01-24 03:57,-106.6239,46.2712,831.00,0.00
1S3,2011-01-24 04:17,-106.6239,46.2712,831.00,0.00
1S3,2011-01-24 04:38,-106.6239,46.2712,831.00,0.00
1S3,2011-01-24 04:58,-106.6239,46.2712,831.00,0.00
1S3,2011-01-24 05:18,-106.6239,46.2712,831.00,0.00
1S3,2011-01-24 05:37,-106.6239,46.2712,831.00,0.00
1S3,2011-01-24 05:57,-106.6239,46.2712,831.00,0.00
1S3,2011-01-24 06:17,-106.6239,46.2712,831.00,0.00
1S3,2011-01-24 06:37,-106.6239,46.2712,831.00,0.00
1S3,2011-01-24 06:58,-106.6239,46.2712,831.00,0.00
1S3,2011-01-24 07:18,-106.6239,46.2712,831.00,0.00
1S3,2011-01-24 07:38,-106.6239,46.2712,831.00,0.00
1S3,2011-01-24 07:57,-106.6239,46.2712,831.00,0.00
1S3,2011-01-24 08:17,-106.6239,46.2712,831.00,0.00
1S3,2011-01-24 08:38,-106.6239,46.2712,831.00,0.00
1S3,2011-01-24 08:58,-106.6239,46.2712,831.00,0.00
1S3,2011-01-24 09:18,-106.6239,46.2712,831.00,0.00
1S3,2011-01-24 09:38,-106.6239,46.2712,831.00,0.00
1S3,2011-01-24 09:57,-106.6239,46.2712,831.00,0.00
1S3,2011-01-24 10:17,-106.6239,46.2712,831.00,0.00
1S3,2011-01-24 10:37,-106.6239,46.2712,831.00,0.00
1S3,2011-01-24 10:58,-106.6239,46.2712,831.00,0.00
1S3,2011-01-24 11:18,-106.6239,46.2712,831.00,0.00
1S3,2011-01-24 11:38,-106.6239,46.2712,831.00,0.00
1S3,2011-01-24 11:58,-106.6239,46.2712,831.00,0.00
1S3,2011-01-24 12:17,-106.6239,46.2712,831.00,0.00
1S3,2011-01-24 12:37,-106.6239,46.2712,831.00,0.00
1S3,2011-01-24 12:57,-106.6239,46.2712,831.00,0.00
1S3,2011-01-24 13:18,-106.6239,46.2712,831.00,0.00
1S3,2011-01-24 13:38,-106.6239,46.2712,831.00,0.00
1S3,2011-01-24 13:58,-106.6239,46.2712,831.00,0.00
1S3,2011-01-24 14:17,-106.6239,46.2712,831.00,0.00
1S3,2011-01-24 14:37,-106.6239,46.2712,831.00,0.00
1S3,2011-01-24 14:58,-106.6239,46.2712,831.00,0.00
1S3,2011-01-24 15:18,-106.6239,46.2712,831.00,0.00
1S3,2011-01-24 15:38,-106.6239,46.2712,831.00,0.00
1S3,2011-01-24 15:58,-106.6239,46.2712,831.00,0.00
1S3,2011-01-24 16:18,-106.6239,46.2712,831.00,0.00
1S3,2011-01-24 16:38,-106.6239,46.2712,831.00,0.00
1S3,2011-01-24 16:58,-106.6239,46.2712,831.00,0.00
1S3,2011-01-24 17:17,-106.6239,46.2712,831.00,0.00
1S3,2011-01-24 17:38,-106.6239,46.2712,831.00,0.00
1S3,2011-01-24 17:58,-106.6239,46.2712,831.00,0.00
1S3,2011-01-24 18:18,-106.6239,46.2712,831.00,0.00
1S3,2011-01-24 18:38,-106.6239,46.2712,831.00,0.00
1S3,2011-01-24 18:58,-106.6239,46.2712,831.00,0.00
1S3,2011-01-24 19:17,-106.6239,46.2712,831.00,0.00
1S3,2011-01-24 19:38,-106.6239,46.2712,831.00,0.00
1S3,2011-01-24 19:58,-106.6239,46.2712,831.00,0.00
1S3,2011-01-24 20:18,-106.6239,46.2712,831.00,0.00
1S3,2011-01-24 20:37,-106.6239,46.2712,831.00,0.00
1S3,2011-01-24 20:58,-106.6239,46.2712,831.00,0.00
1S3,2011-01-24 21:18,-106.6239,46.2712,831.00,0.00
1S3,2011-01-24 21:38,-106.6239,46.2712,831.00,0.00
1S3,2011-01-24 21:58,-106.6239,46.2712,831.00,0.00
1S3,2011-01-24 22:18,-106.6239,46.2712,831.00,0.00
1S3,2011-01-24 22:38,-106.6239,46.2712,831.00,0.00
1S3,2011-01-24 22:58,-106.6239,46.2712,831.00,0.00
1S3,2011-01-24 23:18,-106.6239,46.2712,831.00,0.00
1S3,2011-01-24 23:38,-106.6239,46.2712,831.00,0.00
1S3,2011-01-24 23:58,-106.6239,46.2712,831.00,0.00
1S3,2011-01-25 00:17,-106.6239,46.2712,831.00,0.00
1S3,2011-01-25 00:38,-106.6239,46.2712,831.00,0.00
1S3,2011-01-25 00:58,-106.6239,46.2712,831.00,0.00
1S3,2011-01-25 01:18,-106.6239,46.2712,831.00,0.00
1S3,2011-01-25 01:38,-106.6239,46.2712,831.00,0.00
1S3,2011-01-25 01:58,-106.6239,46.2712,831.00,0.00
1S3,2011-01-25 02:17,-106.6239,46.2712,831.00,0.00
1S3,2011-01-25 02:38,-106.6239,46.2712,831.00,0.00
1S3,2011-01-25 02:58,-106.6239,46.2712,831.00,0.00
1S3,2011-01-25 03:18,-106.6239,46.2712,831.00,0.00
1S3,2011-01-25 03:38,-106.6239,46.2712,831.00,0.00
1S3,2011-01-25 03:58,-106.6239,46.2712,831.00,0.00
1S3,2011-01-25 04:18,-106.6239,46.2712,831.00,0.00
1S3,2011-01-25 04:38,-106.6239,46.2712,831.00,0.00
1S3,2011-01-25 04:58,-106.6239,46.2712,831.00,0.00
1S3,2011-01-25 05:18,-106.6239,46.2712,831.00,0.00
1S3,2011-01-25 05:38,-106.6239,46.2712,831.00,0.00
1S3,2011-01-25 05:58,-106.6239,46.2712,831.00,0.00
1S3,2011-01-25 06:18,-106.6239,46.2712,831.00,0.00
1S3,2011-01-25 06:38,-106.6239,46.2712,831.00,0.00
1S3,2011-01-25 06:58,-106.6239,46.2712,831.00,0.00
1S3,2011-01-25 07:18,-106.6239,46.2712,831.00,0.00
1S3,2011-01-25 07:38,-106.6239,46.2712,831.00,0.00
1S3,2011-01-25 07:57,-106.6239,46.2712,831.00,0.00
1S3,2011-01-25 08:18,-106.6239,46.2712,831.00,0.00
1S3,2011-01-25 08:38,-106.6239,46.2712,831.00,0.00
1S3,2011-01-25 08:58,-106.6239,46.2712,831.00,0.00
1S3,2011-01-25 09:18,-106.6239,46.2712,831.00,0.00
1S3,2011-01-25 09:38,-106.6239,46.2712,831.00,0.00
1S3,2011-01-25 09:58,-106.6239,46.2712,831.00,0.00
1S3,2011-01-25 10:18,-106.6239,46.2712,831.00,0.00
1S3,2011-01-25 10:38,-106.6239,46.2712,831.00,0.00
1S3,2011-01-25 10:58,-106.6239,46.2712,831.00,0.00
1S3,2011-01-25 11:18,-106.6239,46.2712,831.00,0.00
1S3,2011-01-25 11:38,-106.6239,46.2712,831.00,0.00
1S3,2011-01-25 11:58,-106.6239,46.2712,831.00,0.00
1S3,2011-01-25 12:18,-106.6239,46.2712,831.00,0.00
1S3,2011-01-25 12:38,-106.6239,46.2712,831.00,0.00
1S3,2011-01-25 12:58,-106.6239,46.2712,831.00,0.00
1S3,2011-01-25 13:18,-106.6239,46.2712,831.00,0.00
1S3,2011-01-25 13:38,-106.6239,46.2712,831.00,0.00
1S3,2011-01-25 13:57,-106.6239,46.2712,831.00,0.00
1S3,2011-01-25 14:17,-106.6239,46.2712,831.00,0.00
1S3,2011-01-25 14:38,-106.6239,46.2712,831.00,0.00
1S3,2011-01-25 14:58,-106.6239,46.2712,831.00,0.00
1S3,2011-01-25 15:18,-106.6239,46.2712,831.00,0.00
1S3,2011-01-25 15:38,-106.6239,46.2712,831.00,0.00
1S3,2011-01-25 15:58,-106.6239,46.2712,831.00,0.00
1S3,2011-01-25 16:18,-106.6239,46.2712,831.00,0.00
1S3,2011-01-25 16:38,-106.6239,46.2712,831.00,0.00
1S3,2011-01-25 16:58,-106.6239,46.2712,831.00,0.00
1S3,2011-01-25 17:18,-106.6239,46.2712,831.00,0.00
1S3,2011-01-25 17:38,-106.6239,46.2712,831.00,0.00
1S3,2011-01-25 17:58,-106.6239,46.2712,831.00,0.00
1S3,2011-01-25 18:18,-106.6239,46.2712,831.00,0.00
1S3,2011-01-25 18:38,-106.6239,46.2712,831.00,0.00
1S3,2011-01-25 18:58,-106.6239,46.2712,831.00,0.00
1S3,2011-01-25 19:18,-106.6239,46.2712,831.00,0.00
1S3,2011-01-25 19:37,-106.6239,46.2712,831.00,0.00
1S3,2011-01-25 19:58,-106.6239,46.2712,831.00,0.00
1S3,2011-01-25 20:18,-106.6239,46.2712,831.00,0.00
1S3,2011-01-25 20:38,-106.6239,46.2712,831.00,0.00
1S3,2011-01-25 20:58,-106.6239,46.2712,831.00,0.00
1S3,2011-01-25 21:18,-106.6239,46.2712,831.00,0.00
1S3,2011-01-25 21:38,-106.6239,46.2712,831.00,0.00
1S3,2011-01-25 21:58,-106.6239,46.2712,831.00,0.00
1S3,2011-01-25 22:17,-106.6239,46.2712,831.00,0.00
1S3,2011-01-25 22:38,-106.6239,46.2712,831.00,0.00
1S3,2011-01-25 22:58,-106.6239,46.2712,831.00,0.00
1S3,2011-01-25 23:17,-106.6239,46.2712,831.00,0.00
1S3,2011-01-25 23:38,-106.6239,46.2712,831.00,0.00
1S3,2011-01-25 23:58,-106.6239,46.2712,831.00,0.00
1S3,2011-01-26 00:18,-106.6239,46.2712,831.00,0.00
1S3,2011-01-26 00:38,-106.6239,46.2712,831.00,0.00
1S3,2011-01-26 00:58,-106.6239,46.2712,831.00,0.00
1S3,2011-01-26 01:18,-106.6239,46.2712,831.00,0.00
1S3,2011-01-26 01:38,-106.6239,46.2712,831.00,0.00
1S3,2011-01-26 01:58,-106.6239,46.2712,831.00,0.00
1S3,2011-01-26 02:18,-106.6239,46.2712,831.00,0.00
1S3,2011-01-26 02:38,-106.6239,46.2712,831.00,0.00
1S3,2011-01-26 02:58,-106.6239,46.2712,831.00,0.00
1S3,2011-01-26 03:18,-106.6239,46.2712,831.00,0.00
1S3,2011-01-26 03:38,-106.6239,46.2712,831.00,0.00
1S3,2011-01-26 03:58,-106.6239,46.2712,831.00,0.00
1S3,2011-01-26 04:18,-106.6239,46.2712,831.00,0.00
1S3,2011-01-26 04:38,-106.6239,46.2712,831.00,0.00
1S3,2011-01-26 04:58,-106.6239,46.2712,831.00,0.00
1S3,2011-01-26 05:18,-106.6239,46.2712,831.00,0.00
1S3,2011-01-26 05:38,-106.6239,46.2712,831.00,0.00
1S3,2011-01-26 05:58,-106.6239,46.2712,831.00,0.00
1S3,2011-01-26 06:18,-106.6239,46.2712,831.00,0.00
1S3,2011-01-26 06:38,-106.6239,46.2712,831.00,0.00
1S3,2011-01-26 06:58,-106.6239,46.2712,831.00,0.00
1S3,2011-01-26 07:18,-106.6239,46.2712,831.00,0.00
1S3,2011-01-26 07:38,-106.6239,46.2712,831.00,0.00
1S3,2011-01-26 07:58,-106.6239,46.2712,831.00,0.00
1S3,2011-01-26 08:18,-106.6239,46.2712,831.00,0.00
1S3,2011-01-26 08:38,-106.6239,46.2712,831.00,0.00
1S3,2011-01-26 08:58,-106.6239,46.2712,831.00,0.00
1S3,2011-01-26 09:18,-106.6239,46.2712,831.00,0.00
1S3,2011-01-26 09:38,-106.6239,46.2712,831.00,0.00
1S3,2011-01-26 09:58,-106.6239,46.2712,831.00,0.00
1S3,2011-01-26 10:18,-106.6239,46.2712,831.00,0.00
1S3,2011-01-26 10:38,-106.6239,46.2712,831.00,0.00
1S3,2011-01-26 10:58,-106.6239,46.2712,831.00,0.00
1S3,2011-01-26 11:18,-106.6239,46.2712,831.00,0.00
1S3,2011-01-26 11:38,-106.6239,46.2712,831.00,0.00
1S3,2011-01-26 11:58,-106.6239,46.2712,831.00,0.00
1S3,2011-01-26 12:18,-106.6239,46.2712,831.00,0.00
1S3,2011-01-26 12:38,-106.6239,46.2712,831.00,0.00
1S3,2011-01-26 12:58,-106.6239,46.2712,831.00,0.00
1S3,2011-01-26 13:18,-106.6239,46.2712,831.00,0.00
1S3,2011-01-26 13:37,-106.6239,46.2712,831.00,0.00
1S3,2011-01-26 13:58,-106.6239,46.2712,831.00,0.00
1S3,2011-01-26 14:18,-106.6239,46.2712,831.00,0.00
1S3,2011-01-26 14:38,-106.6239,46.2712,831.00,0.00
1S3,2011-01-26 14:58,-106.6239,46.2712,831.00,0.00
1S3,2011-01-26 15:18,-106.6239,46.2712,831.00,0.00
1S3,2011-01-26 15:38,-106.6239,46.2712,831.00,0.00
1S3,2011-01-26 15:58,-106.6239,46.2712,831.00,0.00
1S3,2011-01-26 16:18,-106.6239,46.2712,831.00,0.00
1S3,2011-01-26 16:38,-106.6239,46.2712,831.00,0.00
1S3,2011-01-26 16:58,-106.6239,46.2712,831.00,0.00
1S3,2011-01-26 17:18,-106.6239,46.2712,831.00,0.00
1S3,2011-01-26 17:38,-106.6239,46.2712,831.00,0.00
1S3,2011-01-26 17:58,-106.6239,46.2712,831.00,0.00
1S3,2011-01-26 18:18,-106.6239,46.2712,831.00,0.00
1S3,2011-01-26 18:38,-106.6239,46.2712,831.00,0.00
1S3,2011-01-26 18:58,-106.6239,46.2712,831.00,0.00
1S3,2011-01-26 19:18,-106.6239,46.2712,831.00,0.00
1S3,2011-01-26 19:38,-106.6239,46.2712,831.00,0.00
1S3,2011-01-26 19:58,-106.6239,46.2712,831.00,0.00
1S3,2011-01-26 20:18,-106.6239,46.2712,831.00,0.00
1S3,2011-01-26 20:38,-106.6239,46.2712,831.00,0.00
1S3,2011-01-26 20:58,-106.6239,46.2712,831.00,0.00
1S3,2011-01-26 21:18,-106.6239,46.2712,831.00,0.00
1S3,2011-01-26 21:38,-106.6239,46.2712,831.00,0.00
1S3,2011-01-26 21:58,-106.6239,46.2712,831.00,0.00
1S3,2011-01-26 22:18,-106.6239,46.2712,831.00,0.00
1S3,2011-01-26 22:38,-106.6239,46.2712,831.00,0.00
1S3,2011-01-26 22:58,-106.6239,46.2712,831.00,0.00
1S3,2011-01-26 23:18,-106.6239,46.2712,831.00,0.00
1S3,2011-01-26 23:38,-106.6239,46.2712,831.00,0.00
1S3,2011-01-26 23:58,-106.6239,46.2712,831.00,0.00
1S3,2011-01-27 00:18,-106.6239,46.2712,831.00,0.00
1S3,2011-01-27 00:38,-106.6239,46.2712,831.00,0.00
1S3,2011-01-27 00:58,-106.6239,46.2712,831.00,0.00
1S3,2011-01-27 01:18,-106.6239,46.2712,831.00,0.00
1S3,2011-01-27 01:38,-106.6239,46.2712,831.00,0.00
1S3,2011-01-27 01:58,-106.6239,46.2712,831.00,0.00
1S3,2011-01-27 02:18,-106.6239,46.2712,831.00,0.00
1S3,2011-01-27 02:38,-106.6239,46.2712,831.00,0.00
1S3,2011-01-27 02:57,-106.6239,46.2712,831.00,0.00
1S3,2011-01-27 03:18,-106.6239,46.2712,831.00,0.00
1S3,2011-01-27 03:38,-106.6239,46.2712,831.00,0.00
1S3,2011-01-27 03:58,-106.6239,46.2712,831.00,0.00
1S3,2011-01-27 04:18,-106.6239,46.2712,831.00,0.00
1S3,2011-01-27 04:38,-106.6239,46.2712,831.00,0.00
1S3,2011-01-27 04:58,-106.6239,46.2712,831.00,0.00
1S3,2011-01-27 05:18,-106.6239,46.2712,831.00,0.00
1S3,2011-01-27 05:38,-106.6239,46.2712,831.00,0.00
1S3,2011-01-27 05:58,-106.6239,46.2712,831.00,0.00
1S3,2011-01-27 06:18,-106.6239,46.2712,831.00,0.00
1S3,2011-01-27 06:38,-106.6239,46.2712,831.00,0.00
1S3,2011-01-27 06:58,-106.6239,46.2712,831.00,0.00
1S3,2011-01-27 07:18,-106.6239,46.2712,831.00,0.00
1S3,2011-01-27 07:38,-106.6239,46.2712,831.00,0.00
1S3,2011-01-27 07:58,-106.6239,46.2712,831.00,0.00
1S3,2011-01-27 08:18,-106.6239,46.2712,831.00,0.00
1S3,2011-01-27 08:38,-106.6239,46.2712,831.00,0.00
1S3,2011-01-27 08:58,-106.6239,46.2712,831.00,0.00
1S3,2011-01-27 09:18,-106.6239,46.2712,831.00,0.00
1S3,2011-01-27 09:38,-106.6239,46.2712,831.00,0.00
1S3,2011-01-27 09:58,-106.6239,46.2712,831.00,0.00
1S3,2011-01-27 10:18,-106.6239,46.2712,831.00,0.00
1S3,2011-01-27 10:38,-106.6239,46.2712,831.00,0.00
1S3,2011-01-27 10:58,-106.6239,46.2712,831.00,0.00
1S3,2011-01-27 11:18,-106.6239,46.2712,831.00,0.00
1S3,2011-01-27 11:38,-106.6239,46.2712,831.00,0.00
1S3,2011-01-27 11:58,-106.6239,46.2712,831.00,0.00
1S3,2011-01-27 12:18,-106.6239,46.2712,831.00,0.00
1S3,2011-01-27 12:38,-106.6239,46.2712,831.00,0.00
1S3,2011-01-27 12:58,-106.6239,46.2712,831.00,0.00
1S3,2011-01-27 13:18,-106.6239,46.2712,831.00,0.00
1S3,2011-01-27 13:38,-106.6239,46.2712,831.00,0.00
1S3,2011-01-27 13:58,-106.6239,46.2712,831.00,0.00
1S3,2011-01-27 14:18,-106.6239,46.2712,831.00,0.00
1S3,2011-01-27 14:38,-106.6239,46.2712,831.00,0.00
1S3,2011-01-27 14:58,-106.6239,46.2712,831.00,0.00
1S3,2011-01-27 15:18,-106.6239,46.2712,831.00,0.00
1S3,2011-01-27 15:38,-106.6239,46.2712,831.00,0.00
1S3,2011-01-27 15:58,-106.6239,46.2712,831.00,0.00
1S3,2011-01-27 16:18,-106.6239,46.2712,831.00,0.00
1S3,2011-01-27 16:38,-106.6239,46.2712,831.00,0.00
1S3,2011-01-27 16:58,-106.6239,46.2712,831.00,0.00
1S3,2011-01-27 17:18,-106.6239,46.2712,831.00,0.00
1S3,2011-01-27 17:38,-106.6239,46.2712,831.00,0.00
1S3,2011-01-27 17:58,-106.6239,46.2712,831.00,0.00
1S3,2011-01-27 18:17,-106.6239,46.2712,831.00,0.00
1S3,2011-01-27 18:38,-106.6239,46.2712,831.00,0.00
1S3,2011-01-27 18:59,-106.6239,46.2712,831.00,0.00
1S3,2011-01-27 19:18,-106.6239,46.2712,831.00,0.00
1S3,2011-01-27 19:38,-106.6239,46.2712,831.00,0.00
1S3,2011-01-27 19:58,-106.6239,46.2712,831.00,0.00
1S3,2011-01-27 20:18,-106.6239,46.2712,831.00,0.00
1S3,2011-01-27 20:39,-106.6239,46.2712,831.00,0.00
1S3,2011-01-27 20:58,-106.6239,46.2712,831.00,0.00
1S3,2011-01-27 21:18,-106.6239,46.2712,831.00,0.00
1S3,2011-01-27 21:38,-106.6239,46.2712,831.00,0.00
1S3,2011-01-27 21:58,-106.6239,46.2712,831.00,0.00
1S3,2011-01-27 22:18,-106.6239,46.2712,831.00,0.00
1S3,2011-01-27 22:38,-106.6239,46.2712,831.00,0.00
1S3,2011-01-27 22:58,-106.6239,46.2712,831.00,0.00
1S3,2011-01-27 23:18,-106.6239,46.2712,831.00,0.00
1S3,2011-01-27 23:38,-106.6239,46.2712,831.00,0.00
1S3,2011-01-27 23:58,-106.6239,46.2712,831.00,0.00
1S3,2011-01-28 00:18,-106.6239,46.2712,831.00,0.00
1S3,2011-01-28 00:38,-106.6239,46.2712,831.00,0.00
1S3,2011-01-28 00:58,-106.6239,46.2712,831.00,0.00
1S3,2011-01-28 01:18,-106.6239,46.2712,831.00,0.00
1S3,2011-01-28 01:38,-106.6239,46.2712,831.00,0.00
1S3,2011-01-28 01:58,-106.6239,46.2712,831.00,0.00
1S3,2011-01-28 02:18,-106.6239,46.2712,831.00,0.00
1S3,2011-01-28 02:38,-106.6239,46.2712,831.00,0.00
1S3,2011-01-28 02:58,-106.6239,46.2712,831.00,0.00
1S3,2011-01-28 03:18,-106.6239,46.2712,831.00,0.00
1S3,2011-01-28 03:38,-106.6239,46.2712,831.00,0.00
1S3,2011-01-28 03:58,-106.6239,46.2712,831.00,0.00
1S3,2011-01-28 04:18,-106.6239,46.2712,831.00,0.00
1S3,2011-01-28 04:38,-106.6239,46.2712,831.00,0.00
1S3,2011-01-28 04:58,-106.6239,46.2712,831.00,0.00
1S3,2011-01-28 05:18,-106.6239,46.2712,831.00,0.00
1S3,2011-01-28 05:38,-106.6239,46.2712,831.00,0.00
1S3,2011-01-28 05:58,-106.6239,46.2712,831.00,0.00
1S3,2011-01-28 06:18,-106.6239,46.2712,831.00,0.00
1S3,2011-01-28 06:38,-106.6239,46.2712,831.00,0.00
1S3,2011-01-28 06:58,-106.6239,46.2712,831.00,0.00
1S3,2011-01-28 07:18,-106.6239,46.2712,831.00,0.00
1S3,2011-01-28 07:38,-106.6239,46.2712,831.00,0.00
1S3,2011-01-28 07:58,-106.6239,46.2712,831.00,0.00
1S3,2011-01-28 08:18,-106.6239,46.2712,831.00,0.00
1S3,2011-01-28 08:39,-106.6239,46.2712,831.00,0.00
1S3,2011-01-28 08:59,-106.6239,46.2712,831.00,0.00
1S3,2011-01-28 09:18,-106.6239,46.2712,831.00,0.00
1S3,2011-01-28 09:37,-106.6239,46.2712,831.00,0.00
1S3,2011-01-28 09:58,-106.6239,46.2712,831.00,0.00
1S3,2011-01-28 10:18,-106.6239,46.2712,831.00,0.00
1S3,2011-01-28 10:38,-106.6239,46.2712,831.00,0.00
1S3,2011-01-28 10:58,-106.6239,46.2712,831.00,0.00
1S3,2011-01-28 11:18,-106.6239,46.2712,831.00,0.00
1S3,2011-01-28 11:38,-106.6239,46.2712,831.00,0.00
1S3,2011-01-28 11:58,-106.6239,46.2712,831.00,0.00
1S3,2011-01-28 12:18,-106.6239,46.2712,831.00,0.00
1S3,2011-01-28 12:38,-106.6239,46.2712,831.00,0.00
1S3,2011-01-28 12:58,-106.6239,46.2712,831.00,0.00
1S3,2011-01-28 13:18,-106.6239,46.2712,831.00,0.00
1S3,2011-01-28 13:38,-106.6239,46.2712,831.00,0.00
1S3,2011-01-28 13:58,-106.6239,46.2712,831.00,0.00
1S3,2011-01-28 14:19,-106.6239,46.2712,831.00,0.00
1S3,2011-01-28 14:39,-106.6239,46.2712,831.00,0.00
1S3,2011-01-28 14:58,-106.6239,46.2712,831.00,0.00
1S3,2011-01-28 15:18,-106.6239,46.2712,831.00,0.00
1S3,2011-01-28 15:38,-106.6239,46.2712,831.00,0.00
1S3,2011-01-28 15:58,-106.6239,46.2712,831.00,0.00
1S3,2011-01-28 16:18,-106.6239,46.2712,831.00,0.00
1S3,2011-01-28 16:38,-106.6239,46.2712,831.00,0.00
1S3,2011-01-28 16:58,-106.6239,46.2712,831.00,0.00
1S3,2011-01-28 17:19,-106.6239,46.2712,831.00,0.00
1S3,2011-01-28 17:39,-106.6239,46.2712,831.00,0.00
1S3,2011-01-28 17:58,-106.6239,46.2712,831.00,0.00
1S3,2011-01-28 18:18,-106.6239,46.2712,831.00,0.00
1S3,2011-01-28 18:58,-106.6239,46.2712,831.00,0.00
1S3,2011-01-28 19:19,-106.6239,46.2712,831.00,0.00
1S3,2011-01-28 19:38,-106.6239,46.2712,831.00,0.00
1S3,2011-01-28 19:59,-106.6239,46.2712,831.00,0.00
1S3,2011-01-28 20:19,-106.6239,46.2712,831.00,0.00
1S3,2011-01-28 20:39,-106.6239,46.2712,831.00,0.00
1S3,2011-01-28 20:59,-106.6239,46.2712,831.00,0.00
1S3,2011-01-28 21:18,-106.6239,46.2712,831.00,0.00
1S3,2011-01-28 21:38,-106.6239,46.2712,831.00,0.00
1S3,2011-01-28 21:58,-106.6239,46.2712,831.00,0.00
1S3,2011-01-28 22:18,-106.6239,46.2712,831.00,0.00
1S3,2011-01-28 22:38,-106.6239,46.2712,831.00,0.00
1S3,2011-01-28 22:59,-106.6239,46.2712,831.00,0.00
1S3,2011-01-28 23:19,-106.6239,46.2712,831.00,0.00
1S3,2011-01-28 23:39,-106.6239,46.2712,831.00,0.00
1S3,2011-01-28 23:57,-106.6239,46.2712,831.00,0.00
1S3,2011-01-29 00:18,-106.6239,46.2712,831.00,0.00
1S3,2011-01-29 00:38,-106.6239,46.2712,831.00,0.00
1S3,2011-01-29 00:58,-106.6239,46.2712,831.00,0.00
1S3,2011-01-29 01:18,-106.6239,46.2712,831.00,0.00
1S3,2011-01-29 01:38,-106.6239,46.2712,831.00,0.00
1S3,2011-01-29 01:58,-106.6239,46.2712,831.00,0.00
1S3,2011-01-29 02:19,-106.6239,46.2712,831.00,0.00
1S3,2011-01-29 02:39,-106.6239,46.2712,831.00,0.00
1S3,2011-01-29 02:59,-106.6239,46.2712,831.00,0.00
1S3,2011-01-29 03:18,-106.6239,46.2712,831.00,0.00
1S3,2011-01-29 03:38,-106.6239,46.2712,831.00,0.00
1S3,2011-01-29 03:58,-106.6239,46.2712,831.00,0.00
1S3,2011-01-29 04:18,-106.6239,46.2712,831.00,0.00
1S3,2011-01-29 04:38,-106.6239,46.2712,831.00,0.00
1S3,2011-01-29 04:58,-106.6239,46.2712,831.00,0.00
1S3,2011-01-29 05:19,-106.6239,46.2712,831.00,0.00
1S3,2011-01-29 05:39,-106.6239,46.2712,831.00,0.00
1S3,2011-01-29 05:59,-106.6239,46.2712,831.00,0.00
1S3,2011-01-29 06:19,-106.6239,46.2712,831.00,0.00
1S3,2011-01-29 06:38,-106.6239,46.2712,831.00,0.00
1S3,2011-01-29 06:58,-106.6239,46.2712,831.00,0.00
1S3,2011-01-29 07:18,-106.6239,46.2712,831.00,0.00
1S3,2011-01-29 07:38,-106.6239,46.2712,831.00,0.00
1S3,2011-01-29 07:58,-106.6239,46.2712,831.00,0.00
1S3,2011-01-29 08:18,-106.6239,46.2712,831.00,0.00
1S3,2011-01-29 08:38,-106.6239,46.2712,831.00,0.00
1S3,2011-01-29 08:59,-106.6239,46.2712,831.00,0.00
1S3,2011-01-29 09:19,-106.6239,46.2712,831.00,0.00
1S3,2011-01-29 09:39,-106.6239,46.2712,831.00,0.00
1S3,2011-01-29 09:59,-106.6239,46.2712,831.00,0.00
1S3,2011-01-29 10:19,-106.6239,46.2712,831.00,0.00
1S3,2011-01-29 10:39,-106.6239,46.2712,831.00,0.00
1S3,2011-01-29 10:59,-106.6239,46.2712,831.00,0.00
1S3,2011-01-29 11:19,-106.6239,46.2712,831.00,0.00
1S3,2011-01-29 11:38,-106.6239,46.2712,831.00,0.00
1S3,2011-01-29 11:58,-106.6239,46.2712,831.00,0.00
1S3,2011-01-29 12:18,-106.6239,46.2712,831.00,0.00
1S3,2011-01-29 12:38,-106.6239,46.2712,831.00,0.00
1S3,2011-01-29 12:58,-106.6239,46.2712,831.00,0.00
1S3,2011-01-29 13:18,-106.6239,46.2712,831.00,0.00
1S3,2011-01-29 13:39,-106.6239,46.2712,831.00,0.00
1S3,2011-01-29 13:59,-106.6239,46.2712,831.00,0.00
1S3,2011-01-29 14:19,-106.6239,46.2712,831.00,0.00
1S3,2011-01-29 14:39,-106.6239,46.2712,831.00,0.00
1S3,2011-01-29 14:59,-106.6239,46.2712,831.00,0.00
1S3,2011-01-29 15:19,-106.6239,46.2712,831.00,0.00
1S3,2011-01-29 15:39,-106.6239,46.2712,831.00,0.00
1S3,2011-01-29 15:59,-106.6239,46.2712,831.00,0.00
1S3,2011-01-29 16:18,-106.6239,46.2712,831.00,0.00
1S3,2011-01-29 16:38,-106.6239,46.2712,831.00,0.00
1S3,2011-01-29 16:58,-106.6239,46.2712,831.00,0.00
1S3,2011-01-29 17:18,-106.6239,46.2712,831.00,0.00
1S3,2011-01-29 17:38,-106.6239,46.2712,831.00,0.00
1S3,2011-01-29 17:58,-106.6239,46.2712,831.00,0.00
1S3,2011-01-29 18:18,-106.6239,46.2712,831.00,0.00
1S3,2011-01-29 18:38,-106.6239,46.2712,831.00,0.00
1S3,2011-01-29 18:59,-106.6239,46.2712,831.00,0.00
1S3,2011-01-29 19:19,-106.6239,46.2712,831.00,0.00
1S3,2011-01-29 19:39,-106.6239,46.2712,831.00,0.00
1S3,2011-01-29 19:59,-106.6239,46.2712,831.00,0.00
1S3,2011-01-29 20:19,-106.6239,46.2712,831.00,0.00
1S3,2011-01-29 20:39,-106.6239,46.2712,831.00,0.00
1S3,2011-01-29 20:59,-106.6239,46.2712,831.00,0.00
1S3,2011-01-29 21:19,-106.6239,46.2712,831.00,0.00
1S3,2011-01-29 21:39,-106.6239,46.2712,831.00,0.00
1S3,2011-01-29 21:59,-106.6239,46.2712,831.00,0.00
1S3,2011-01-29 22:19,-106.6239,46.2712,831.00,0.00
1S3,2011-01-29 22:39,-106.6239,46.2712,831.00,0.00
1S3,2011-01-29 22:59,-106.6239,46.2712,831.00,0.00
1S3,2011-01-29 23:19,-106.6239,46.2712,831.00,0.00
1S3,2011-01-29 23:39,-106.6239,46.2712,831.00,0.00
1S3,2011-01-29 23:58,-106.6239,46.2712,831.00,0.00
1S3,2011-01-30 00:18,-106.6239,46.2712,831.00,0.00
1S3,2011-01-30 00:38,-106.6239,46.2712,831.00,0.00
1S3,2011-01-30 00:58,-106.6239,46.2712,831.00,0.00
1S3,2011-01-30 01:18,-106.6239,46.2712,831.00,0.00
1S3,2011-01-30 01:38,-106.6239,46.2712,831.00,0.00
1S3,2011-01-30 01:59,-106.6239,46.2712,831.00,0.00
1S3,2011-01-30 02:19,-106.6239,46.2712,831.00,0.00
1S3,2011-01-30 02:39,-106.6239,46.2712,831.00,0.00
1S3,2011-01-30 02:59,-106.6239,46.2712,831.00,0.00
1S3,2011-01-30 03:19,-106.6239,46.2712,831.00,0.00
1S3,2011-01-30 03:39,-106.6239,46.2712,831.00,0.00
1S3,2011-01-30 03:59,-106.6239,46.2712,831.00,0.00
1S3,2011-01-30 04:19,-106.6239,46.2712,831.00,0.00
1S3,2011-01-30 04:39,-106.6239,46.2712,831.00,0.00
1S3,2011-01-30 04:59,-106.6239,46.2712,831.00,0.00
1S3,2011-01-30 05:19,-106.6239,46.2712,831.00,0.00
1S3,2011-01-30 05:39,-106.6239,46.2712,831.00,0.00
1S3,2011-01-30 05:59,-106.6239,46.2712,831.00,0.00
1S3,2011-01-30 06:19,-106.6239,46.2712,831.00,0.00
1S3,2011-01-30 06:38,-106.6239,46.2712,831.00,0.00
1S3,2011-01-30 06:59,-106.6239,46.2712,831.00,0.00
1S3,2011-01-30 07:19,-106.6239,46.2712,831.00,0.00
1S3,2011-01-30 07:38,-106.6239,46.2712,831.00,0.00
1S3,2011-01-30 07:58,-106.6239,46.2712,831.00,0.00
1S3,2011-01-30 08:19,-106.6239,46.2712,831.00,0.00
1S3,2011-01-30 08:38,-106.6239,46.2712,831.00,0.00
1S3,2011-01-30 08:58,-106.6239,46.2712,831.00,0.00
1S3,2011-01-30 09:19,-106.6239,46.2712,831.00,0.00
1S3,2011-01-30 09:38,-106.6239,46.2712,831.00,0.00
1S3,2011-01-30 09:58,-106.6239,46.2712,831.00,0.00
1S3,2011-01-30 10:19,-106.6239,46.2712,831.00,0.00
1S3,2011-01-30 10:38,-106.6239,46.2712,831.00,0.00
1S3,2011-01-30 10:59,-106.6239,46.2712,831.00,0.00
1S3,2011-01-30 11:19,-106.6239,46.2712,831.00,0.00
1S3,2011-01-30 11:39,-106.6239,46.2712,831.00,0.00
1S3,2011-01-30 11:59,-106.6239,46.2712,831.00,0.00
1S3,2011-01-30 12:19,-106.6239,46.2712,831.00,0.00
1S3,2011-01-30 12:39,-106.6239,46.2712,831.00,0.00
1S3,2011-01-30 12:59,-106.6239,46.2712,831.00,0.00
1S3,2011-01-30 13:19,-106.6239,46.2712,831.00,0.00
1S3,2011-01-30 13:39,-106.6239,46.2712,831.00,0.00
1S3,2011-01-30 13:59,-106.6239,46.2712,831.00,0.00
1S3,2011-01-30 14:19,-106.6239,46.2712,831.00,0.00
1S3,2011-01-30 14:39,-106.6239,46.2712,831.00,0.00
1S3,2011-01-30 14:59,-106.6239,46.2712,831.00,0.00
1S3,2011-01-30 15:19,-106.6239,46.2712,831.00,0.00
1S3,2011-01-30 15:39,-106.6239,46.2712,831.00,0.00
1S3,2011-01-30 15:59,-106.6239,46.2712,831.00,0.00
1S3,2011-01-30 16:19,-106.6239,46.2712,831.00,0.00
1S3,2011-01-30 16:38,-106.6239,46.2712,831.00,0.00
1S3,2011-01-30 16:59,-106.6239,46.2712,831.00,0.00
1S3,2011-01-30 17:19,-106.6239,46.2712,831.00,0.00
1S3,2011-01-30 17:59,-106.6239,46.2712,831.00,0.00
1S3,2011-01-30 18:19,-106.6239,46.2712,831.00,0.00
1S3,2011-01-30 18:39,-106.6239,46.2712,831.00,0.00
1S3,2011-01-30 18:59,-106.6239,46.2712,831.00,0.00
1S3,2011-01-30 19:19,-106.6239,46.2712,831.00,0.00
1S3,2011-01-30 19:39,-106.6239,46.2712,831.00,0.00
1S3,2011-01-30 19:59,-106.6239,46.2712,831.00,0.00
1S3,2011-01-30 20:19,-106.6239,46.2712,831.00,0.00
1S3,2011-01-30 20:39,-106.6239,46.2712,831.00,0.00
1S3,2011-01-30 20:59,-106.6239,46.2712,831.00,0.00
1S3,2011-01-30 21:19,-106.6239,46.2712,831.00,0.00
1S3,2011-01-30 21:39,-106.6239,46.2712,831.00,0.00
1S3,2011-01-30 21:58,-106.6239,46.2712,831.00,0.00
1S3,2011-01-30 22:19,-106.6239,46.2712,831.00,0.00
1S3,2011-01-30 22:39,-106.6239,46.2712,831.00,0.00
1S3,2011-01-30 22:58,-106.6239,46.2712,831.00,0.00
1S3,2011-01-30 23:19,-106.6239,46.2712,831.00,0.00
1S3,2011-01-30 23:39,-106.6239,46.2712,831.00,0.00
1S3,2011-01-30 23:59,-106.6239,46.2712,831.00,0.00
1S3,2011-01-31 00:19,-106.6239,46.2712,831.00,0.00
1S3,2011-01-31 00:39,-106.6239,46.2712,831.00,0.00
1S3,2011-01-31 00:59,-106.6239,46.2712,831.00,0.00
1S3,2011-01-31 01:19,-106.6239,46.2712,831.00,0.00
1S3,2011-01-31 01:39,-106.6239,46.2712,831.00,0.00
1S3,2011-01-31 01:59,-106.6239,46.2712,831.00,0.00
1S3,2011-01-31 02:19,-106.6239,46.2712,831.00,0.00
1S3,2011-01-31 02:39,-106.6239,46.2712,831.00,0.00
1S3,2011-01-31 02:59,-106.6239,46.2712,831.00,0.00
1S3,2011-01-31 03:19,-106.6239,46.2712,831.00,0.00
1S3,2011-01-31 03:39,-106.6239,46.2712,831.00,0.00
1S3,2011-01-31 03:59,-106.6239,46.2712,831.00,0.00
1S3,2011-01-31 04:19,-106.6239,46.2712,831.00,0.00
1S3,2011-01-31 04:39,-106.6239,46.2712,831.00,0.00
1S3,2011-01-31 04:59,-106.6239,46.2712,831.00,0.00
1S3,2011-01-31 05:19,-106.6239,46.2712,831.00,0.00
1S3,2011-01-31 05:39,-106.6239,46.2712,831.00,0.00
1S3,2011-01-31 05:59,-106.6239,46.2712,831.00,0.00
1S3,2011-01-31 06:19,-106.6239,46.2712,831.00,0.00
1S3,2011-01-31 06:39,-106.6239,46.2712,831.00,0.00
1S3,2011-01-31 06:59,-106.6239,46.2712,831.00,0.00
1S3,2011-01-31 07:19,-106.6239,46.2712,831.00,0.00
1S3,2011-01-31 07:39,-106.6239,46.2712,831.00,0.00
1S3,2011-01-31 07:59,-106.6239,46.2712,831.00,0.00
1S3,2011-01-31 08:19,-106.6239,46.2712,831.00,0.00
1S3,2011-01-31 08:39,-106.6239,46.2712,831.00,0.00
1S3,2011-01-31 08:59,-106.6239,46.2712,831.00,0.00
1S3,2011-01-31 09:19,-106.6239,46.2712,831.00,0.00
1S3,2011-01-31 09:39,-106.6239,46.2712,831.00,0.00
1S3,2011-01-31 09:59,-106.6239,46.2712,831.00,0.00
1S3,2011-01-31 10:19,-106.6239,46.2712,831.00,0.00
1S3,2011-01-31 10:39,-106.6239,46.2712,831.00,0.00
1S3,2011-01-31 10:59,-106.6239,46.2712,831.00,0.00
1S3,2011-01-31 11:19,-106.6239,46.2712,831.00,0.00
1S3,2011-01-31 11:39,-106.6239,46.2712,831.00,0.00
1S3,2011-01-31 11:59,-106.6239,46.2712,831.00,0.00
1S3,2011-01-31 12:19,-106.6239,46.2712,831.00,0.00
1S3,2011-01-31 12:39,-106.6239,46.2712,831.00,0.00
1S3,2011-01-31 12:59,-106.6239,46.2712,831.00,0.00
1S3,2011-01-31 13:18,-106.6239,46.2712,831.00,0.00
1S3,2011-01-31 13:39,-106.6239,46.2712,831.00,0.00
1S3,2011-01-31 13:59,-106.6239,46.2712,831.00,0.00
1S3,2011-01-31 14:18,-106.6239,46.2712,831.00,0.00
1S3,2011-01-31 14:39,-106.6239,46.2712,831.00,0.00
1S3,2011-01-31 14:59,-106.6239,46.2712,831.00,0.00
1S3,2011-01-31 15:18,-106.6239,46.2712,831.00,0.00
1S3,2011-01-31 15:39,-106.6239,46.2712,831.00,0.00
1S3,2011-01-31 15:59,-106.6239,46.2712,831.00,0.00
1S3,2011-01-31 16:19,-106.6239,46.2712,831.00,0.00
1S3,2011-01-31 16:39,-106.6239,46.2712,831.00,0.00
1S3,2011-01-31 16:59,-106.6239,46.2712,831.00,0.00
1S3,2011-01-31 17:18,-106.6239,46.2712,831.00,0.00
1S3,2011-01-31 17:39,-106.6239,46.2712,831.00,0.00
1S3,2011-01-31 17:59,-106.6239,46.2712,831.00,0.00
1S3,2011-01-31 18:19,-106.6239,46.2712,831.00,0.00
1S3,2011-01-31 18:39,-106.6239,46.2712,831.00,0.00
1S3,2011-01-31 18:59,-106.6239,46.2712,831.00,0.00
1S3,2011-01-31 19:19,-106.6239,46.2712,831.00,0.00
1S3,2011-01-31 19:39,-106.6239,46.2712,831.00,0.00
1S3,2011-01-31 19:59,-106.6239,46.2712,831.00,0.00
1S3,2011-01-31 20:19,-106.6239,46.2712,831.00,0.00
1S3,2011-01-31 20:39,-106.6239,46.2712,831.00,0.00
1S3,2011-01-31 21:19,-106.6239,46.2712,831.00,
1S3,2011-01-31 21:39,-106.6239,46.2712,831.00,
1S3,2011-01-31 21:59,-106.6239,46.2712,831.00,
1S3,2011-01-31 22:19,-106.6239,46.2712,831.00,
1S3,2011-01-31 22:39,-106.6239,46.2712,831.00,
1S3,2011-01-31 22:59,-106.6239,46.2712,831.00,
1S3,2011-01-31 23:19,-106.6239,46.2712,831.00,
1S3,2011-01-31 23:39,-106.6239,46.2712,831.00,
1S3,2011-01-31 23:59,-106.6239,46.2712,831.00,
1S3,2011-02-01 00:19,-106.6239,46.2712,831.00,
1S3,2011-02-01 00:39,-106.6239,46.2712,831.00,
1S3,2011-02-01 00:59,-106.6239,46.2712,831.00,
1S3,2011-02-01 01:18,-106.6239,46.2712,831.00,
1S3,2011-02-01 01:39,-106.6239,46.2712,831.00,
1S3,2011-02-01 01:59,-106.6239,46.2712,831.00,
1S3,2011-02-01 02:19,-106.6239,46.2712,831.00,
1S3,2011-02-01 02:39,-106.6239,46.2712,831.00,
1S3,2011-02-01 02:59,-106.6239,46.2712,831.00,
1S3,2011-02-01 03:19,-106.6239,46.2712,831.00,
1S3,2011-02-01 03:39,-106.6239,46.2712,831.00,
1S3,2011-02-01 03:59,-106.6239,46.2712,831.00,
1S3,2011-02-01 04:19,-106.6239,46.2712,831.00,
1S3,2011-02-01 04:38,-106.6239,46.2712,831.00,
1S3,2011-02-01 04:58,-106.6239,46.2712,831.00,
1S3,2011-02-01 05:19,-106.6239,46.2712,831.00,
1S3,2011-02-01 05:38,-106.6239,46.2712,831.00,
1S3,2011-02-01 05:59,-106.6239,46.2712,831.00,
1S3,2011-02-01 06:19,-106.6239,46.2712,831.00,
1S3,2011-02-01 06:38,-106.6239,46.2712,831.00,
1S3,2011-02-01 06:59,-106.6239,46.2712,831.00,
1S3,2011-02-01 07:19,-106.6239,46.2712,831.00,
1S3,2011-02-01 07:39,-106.6239,46.2712,831.00,
1S3,2011-02-01 07:59,-106.6239,46.2712,831.00,
1S3,2011-02-01 08:19,-106.6239,46.2712,831.00,
1S3,2011-02-01 08:39,-106.6239,46.2712,831.00,
1S3,2011-02-01 08:59,-106.6239,46.2712,831.00,
1S3,2011-02-01 09:19,-106.6239,46.2712,831.00,
1S3,2011-02-01 09:39,-106.6239,46.2712,831.00,
1S3,2011-02-01 09:59,-106.6239,46.2712,831.00,
1S3,2011-02-01 10:19,-106.6239,46.2712,831.00,
1S3,2011-02-01 10:39,-106.6239,46.2712,831.00,
1S3,2011-02-01 10:59,-106.6239,46.2712,831.00,
1S3,2011-02-01 11:19,-106.6239,46.2712,831.00,
1S3,2011-02-01 11:39,-106.6239,46.2712,831.00,
1S3,2011-02-01 11:59,-106.6239,46.2712,831.00,
1S3,2011-02-01 12:19,-106.6239,46.2712,831.00,
1S3,2011-02-01 12:39,-106.6239,46.2712,831.00,
1S3,2011-02-01 12:59,-106.6239,46.2712,831.00,
1S3,2011-02-01 13:18,-106.6239,46.2712,831.00,
1S3,2011-02-01 13:39,-106.6239,46.2712,831.00,
1S3,2011-02-01 13:59,-106.6239,46.2712,831.00,
1S3,2011-02-01 14:19,-106.6239,46.2712,831.00,
1S3,2011-02-01 14:39,-106.6239,46.2712,831.00,
1S3,2011-02-01 15:31,-106.6239,46.2712,831.00,
1S3,2011-02-01 15:39,-106.6239,46.2712,831.00,
1S3,2011-02-01 15:59,-106.6239,46.2712,831.00,
1S3,2011-02-01 16:19,-106.6239,46.2712,831.00,
1S3,2011-02-01 16:39,-106.6239,46.2712,831.00,
1S3,2011-02-01 17:59,-106.6239,46.2712,831.00,0.00
1S3,2011-02-01 18:19,-106.6239,46.2712,831.00,0.00
1S3,2011-02-01 18:29,-106.6239,46.2712,831.00,
1S3,2011-02-01 18:39,-106.6239,46.2712,831.00,
1S3,2011-02-01 18:59,-106.6239,46.2712,831.00,
1S3,2011-02-01 19:19,-106.6239,46.2712,831.00,
1S3,2011-02-01 19:39,-106.6239,46.2712,831.00,
1S3,2011-02-01 19:58,-106.6239,46.2712,831.00,
1S3,2011-02-01 20:19,-106.6239,46.2712,831.00,
1S3,2011-02-01 20:39,-106.6239,46.2712,831.00,
1S3,2011-02-01 20:59,-106.6239,46.2712,831.00,
1S3,2011-02-01 21:19,-106.6239,46.2712,831.00,
1S3,2011-02-01 21:39,-106.6239,46.2712,831.00,
1S3,2011-02-01 21:59,-106.6239,46.2712,831.00,
1S3,2011-02-01 22:19,-106.6239,46.2712,831.00,
1S3,2011-02-01 22:39,-106.6239,46.2712,831.00,
1S3,2011-02-01 22:59,-106.6239,46.2712,831.00,
1S3,2011-02-01 23:19,-106.6239,46.2712,831.00,
1S3,2011-02-01 23:39,-106.6239,46.2712,831.00,
1S3,2011-02-01 23:59,-106.6239,46.2712,831.00,
1S3,2011-02-02 00:19,-106.6239,46.2712,831.00,
1S3,2011-02-02 00:39,-106.6239,46.2712,831.00,
1S3,2011-02-02 00:59,-106.6239,46.2712,831.00,
1S3,2011-02-02 01:19,-106.6239,46.2712,831.00,
1S3,2011-02-02 01:39,-106.6239,46.2712,831.00,
1S3,2011-02-02 01:59,-106.6239,46.2712,831.00,
1S3,2011-02-02 02:19,-106.6239,46.2712,831.00,
1S3,2011-02-02 02:39,-106.6239,46.2712,831.00,
1S3,2011-02-02 02:59,-106.6239,46.2712,831.00,
1S3,2011-02-02 03:19,-106.6239,46.2712,831.00,
1S3,2011-02-02 03:39,-106.6239,46.2712,831.00,
1S3,2011-02-02 03:59,-106.6239,46.2712,831.00,
1S3,2011-02-02 04:19,-106.6239,46.2712,831.00,
1S3,2011-02-02 04:39,-106.6239,46.2712,831.00,
1S3,2011-02-02 04:59,-106.6239,46.2712,831.00,
1S3,2011-02-02 05:19,-106.6239,46.2712,831.00,
1S3,2011-02-02 05:39,-106.6239,46.2712,831.00,
1S3,2011-02-02 05:59,-106.6239,46.2712,831.00,
1S3,2011-02-02 06:19,-106.6239,46.2712,831.00,
1S3,2011-02-02 06:39,-106.6239,46.2712,831.00,
1S3,2011-02-02 06:59,-106.6239,46.2712,831.00,
1S3,2011-02-02 08:19,-106.6239,46.2712,831.00,
1S3,2011-02-02 08:59,-106.6239,46.2712,831.00,
1S3,2011-02-02 11:59,-106.6239,46.2712,831.00,
1S3,2011-02-02 12:38,-106.6239,46.2712,831.00,
1S3,2011-02-02 12:59,-106.6239,46.2712,831.00,
1S3,2011-02-02 13:19,-106.6239,46.2712,831.00,
1S3,2011-02-02 13:39,-106.6239,46.2712,831.00,
1S3,2011-02-02 13:59,-106.6239,46.2712,831.00,
1S3,2011-02-02 14:19,-106.6239,46.2712,831.00,
1S3,2011-02-02 14:39,-106.6239,46.2712,831.00,
1S3,2011-02-02 14:59,-106.6239,46.2712,831.00,
1S3,2011-02-02 15:19,-106.6239,46.2712,831.00,
1S3,2011-02-02 15:39,-106.6239,46.2712,831.00,
1S3,2011-02-02 15:59,-106.6239,46.2712,831.00,
1S3,2011-02-02 16:19,-106.6239,46.2712,831.00,
1S3,2011-02-02 16:39,-106.6239,46.2712,831.00,
1S3,2011-02-02 16:58,-106.6239,46.2712,831.00,
1S3,2011-02-02 17:19,-106.6239,46.2712,831.00,
1S3,2011-02-02 17:39,-106.6239,46.2712,831.00,
1S3,2011-02-02 17:59,-106.6239,46.2712,831.00,
1S3,2011-02-02 18:19,-106.6239,46.2712,831.00,
1S3,2011-02-02 18:38,-106.6239,46.2712,831.00,
1S3,2011-02-02 18:59,-106.6239,46.2712,831.00,
1S3,2011-02-02 19:19,-106.6239,46.2712,831.00,
1S3,2011-02-02 19:39,-106.6239,46.2712,831.00,
1S3,2011-02-02 19:59,-106.6239,46.2712,831.00,
1S3,2011-02-02 20:19,-106.6239,46.2712,831.00,
1S3,2011-02-02 20:38,-106.6239,46.2712,831.00,
1S3,2011-02-02 20:59,-106.6239,46.2712,831.00,
1S3,2011-02-02 21:19,-106.6239,46.2712,831.00,
1S3,2011-02-02 21:39,-106.6239,46.2712,831.00,
1S3,2011-02-02 21:59,-106.6239,46.2712,831.00,
1S3,2011-02-02 22:19,-106.6239,46.2712,831.00,
1S3,2011-02-02 22:39,-106.6239,46.2712,831.00,
1S3,2011-02-02 22:59,-106.6239,46.2712,831.00,
1S3,2011-02-02 23:19,-106.6239,46.2712,831.00,
1S3,2011-02-02 23:39,-106.6239,46.2712,831.00,
1S3,2011-02-02 23:59,-106.6239,46.2712,831.00,
1S3,2011-02-03 00:19,-106.6239,46.2712,831.00,
1S3,2011-02-03 00:39,-106.6239,46.2712,831.00,
1S3,2011-02-03 00:59,-106.6239,46.2712,831.00,
1S3,2011-02-03 01:18,-106.6239,46.2712,831.00,
1S3,2011-02-03 01:38,-106.6239,46.2712,831.00,
1S3,2011-02-03 01:59,-106.6239,46.2712,831.00,
1S3,2011-02-03 02:19,-106.6239,46.2712,831.00,
1S3,2011-02-03 02:38,-106.6239,46.2712,831.00,
1S3,2011-02-03 02:59,-106.6239,46.2712,831.00,
1S3,2011-02-03 03:19,-106.6239,46.2712,831.00,
1S3,2011-02-03 03:39,-106.6239,46.2712,831.00,
1S3,2011-02-03 03:59,-106.6239,46.2712,831.00,
1S3,2011-02-03 04:19,-106.6239,46.2712,831.00,
1S3,2011-02-03 04:39,-106.6239,46.2712,831.00,
1S3,2011-02-03 04:59,-106.6239,46.2712,831.00,
1S3,2011-02-03 05:19,-106.6239,46.2712,831.00,
1S3,2011-02-03 05:39,-106.6239,46.2712,831.00,
1S3,2011-02-03 05:58,-106.6239,46.2712,831.00,
1S3,2011-02-03 06:19,-106.6239,46.2712,831.00,
1S3,2011-02-03 06:39,-106.6239,46.2712,831.00,
1S3,2011-02-03 06:59,-106.6239,46.2712,831.00,
1S3,2011-02-03 07:19,-106.6239,46.2712,831.00,
1S3,2011-02-03 07:39,-106.6239,46.2712,831.00,
1S3,2011-02-03 07:59,-106.6239,46.2712,831.00,
1S3,2011-02-03 08:19,-106.6239,46.2712,831.00,
1S3,2011-02-03 08:38,-106.6239,46.2712,831.00,
1S3,2011-02-03 08:59,-106.6239,46.2712,831.00,
1S3,2011-02-03 09:19,-106.6239,46.2712,831.00,
1S3,2011-02-03 09:39,-106.6239,46.2712,831.00,
1S3,2011-02-03 09:59,-106.6239,46.2712,831.00,
1S3,2011-02-03 10:19,-106.6239,46.2712,831.00,
1S3,2011-02-03 10:40,-106.6239,46.2712,831.00,
1S3,2011-02-03 10:59,-106.6239,46.2712,831.00,
1S3,2011-02-03 11:19,-106.6239,46.2712,831.00,
1S3,2011-02-03 11:39,-106.6239,46.2712,831.00,
1S3,2011-02-03 11:59,-106.6239,46.2712,831.00,
1S3,2011-02-03 12:19,-106.6239,46.2712,831.00,
1S3,2011-02-03 12:38,-106.6239,46.2712,831.00,
1S3,2011-02-03 12:58,-106.6239,46.2712,831.00,
1S3,2011-02-03 13:19,-106.6239,46.2712,831.00,
1S3,2011-02-03 13:39,-106.6239,46.2712,831.00,
1S3,2011-02-03 13:59,-106.6239,46.2712,831.00,
1S3,2011-02-03 14:19,-106.6239,46.2712,831.00,
1S3,2011-02-03 14:38,-106.6239,46.2712,831.00,
1S3,2011-02-03 14:59,-106.6239,46.2712,831.00,
1S3,2011-02-03 15:19,-106.6239,46.2712,831.00,
1S3,2011-02-03 15:39,-106.6239,46.2712,831.00,
1S3,2011-02-03 15:59,-106.6239,46.2712,831.00,
1S3,2011-02-03 16:19,-106.6239,46.2712,831.00,
1S3,2011-02-03 16:39,-106.6239,46.2712,831.00,
1S3,2011-02-03 16:58,-106.6239,46.2712,831.00,
1S3,2011-02-03 17:19,-106.6239,46.2712,831.00,
1S3,2011-02-03 17:39,-106.6239,46.2712,831.00,
1S3,2011-02-03 17:59,-106.6239,46.2712,831.00,
1S3,2011-02-03 18:19,-106.6239,46.2712,831.00,
1S3,2011-02-03 18:39,-106.6239,46.2712,831.00,
1S3,2011-02-03 18:58,-106.6239,46.2712,831.00,
1S3,2011-02-03 19:18,-106.6239,46.2712,831.00,
1S3,2011-02-03 19:39,-106.6239,46.2712,831.00,
1S3,2011-02-03 20:00,-106.6239,46.2712,831.00,
1S3,2011-02-03 20:20,-106.6239,46.2712,831.00,
1S3,2011-02-03 20:39,-106.6239,46.2712,831.00,
1S3,2011-02-03 20:59,-106.6239,46.2712,831.00,
1S3,2011-02-03 21:19,-106.6239,46.2712,831.00,
1S3,2013-08-22 22:00,-106.6239,46.2712,831.00,0.00
1S3,2013-08-22 22:15,-106.6239,46.2712,831.00,0.00
1S3,2013-08-22 22:30,-106.6239,46.2712,831.00,0.00
1S3,2013-08-22 22:45,-106.6239,46.2712,831.00,0.00
1S3,2013-08-22 23:00,-106.6239,46.2712,831.00,0.00
1S3,2013-08-22 23:15,-106.6239,46.2712,831.00,0.00
1S3,2013-08-22 23:30,-106.6239,46.2712,831.00,0.00
1S3,2013-08-22 23:45,-106.6239,46.2712,831.00,0.00
1S3,2013-08-23 01:00,-106.6239,46.2712,831.00,0.00
1S3,2013-08-23 01:15,-106.6239,46.2712,831.00,0.00
1S3,2014-04-26 08:00,-106.6239,46.2712,831.00,0.00
